isbn,titulo,autor,editorial_id,genero_id
9789870000001,Hábitos atómicos,James Clear,1,1
9789870000002,"Pensar rápido, pensar despacio",Daniel Kahneman,6,2
9789870000003,Flores para Algernon,Daniel Keyes,7,3
9789870000004,El elogio de la sombra,Jun'ichirō Tanizaki,4,4
9789870000005,"Padre rico, padre pobre",Robert Kiyosaki,2,1
9789870000006,La llamada del coraje,Ryan Holiday,2,8
9789870000007,Céntrate,Cal Newport,1,9
9789870000008,Tus zonas erróneas,Wayne Dyer,8,2
9789870000009,Fahrenheit 451,Ray Bradbury,3,3
9789870000010,El Aleph,Jorge Luis Borges,3,5
